Datetime,Water Level (m)
2026-08-06 18:00:00,0.648468
2026-08-06 19:00:00,0.44799587
2026-08-06 20:00:00,0.26841572
2026-08-06 21:00:00,0.11754607
2026-08-06 22:00:00,0.005118334
2026-08-06 23:00:00,-0.008229733
2026-08-07 00:00:00,0.28123155
2026-08-07 01:00:00,0.65806824
2026-08-07 02:00:00,1.0409619
2026-08-07 03:00:00,1.3575518
2026-08-07 04:00:00,1.5611721
2026-08-07 05:00:00,1.5822152
2026-08-07 06:00:00,1.4110645
2026-08-07 07:00:00,1.1861217
2026-08-07 08:00:00,0.9734514
2026-08-07 09:00:00,0.7765462
2026-08-07 10:00:00,0.59531695
2026-08-07 11:00:00,0.46614322
2026-08-07 12:00:00,0.4388537
2026-08-07 13:00:00,0.6299239
2026-08-07 14:00:00,0.9550372
2026-08-07 15:00:00,1.2299943
2026-08-07 16:00:00,1.413789
2026-08-07 17:00:00,1.4923868
2026-08-07 18:00:00,1.3837047
2026-08-07 19:00:00,1.1698716
2026-08-07 20:00:00,0.94102263
2026-08-07 21:00:00,0.72908646
2026-08-07 22:00:00,0.5408628
2026-08-07 23:00:00,0.3876154
2026-08-08 00:00:00,0.2883224
2026-08-08 01:00:00,0.3876419
2026-08-08 02:00:00,0.80516243
2026-08-08 03:00:00,1.2033651
2026-08-08 04:00:00,1.5320435
2026-08-08 05:00:00,1.8171365
2026-08-08 06:00:00,1.9417492
2026-08-08 07:00:00,1.8404483
2026-08-08 08:00:00,1.6035812
2026-08-08 09:00:00,1.356015
2026-08-08 10:00:00,1.1134005
2026-08-08 11:00:00,0.8949813
2026-08-08 12:00:00,0.71133816
2026-08-08 13:00:00,0.5818309
2026-08-08 14:00:00,0.56180876
2026-08-08 15:00:00,0.7831019
2026-08-08 16:00:00,1.1334414
2026-08-08 17:00:00,1.3756814
2026-08-08 18:00:00,1.5116411
2026-08-08 19:00:00,1.5454049
2026-08-08 20:00:00,1.3924261
2026-08-08 21:00:00,1.1639762
2026-08-08 22:00:00,0.9335953
2026-08-08 23:00:00,0.7288374
2026-08-09 00:00:00,0.5485618
2026-08-09 01:00:00,0.40924692
2026-08-09 02:00:00,0.35100153
2026-08-09 03:00:00,0.61799824
2026-08-09 04:00:00,1.0684288
2026-08-09 05:00:00,1.4453284
2026-08-09 06:00:00,1.735256
2026-08-09 07:00:00,1.9363784
2026-08-09 08:00:00,1.9045284
2026-08-09 09:00:00,1.684857
2026-08-09 10:00:00,1.4219488
2026-08-09 11:00:00,1.1642795
2026-08-09 12:00:00,0.9319821
2026-08-09 13:00:00,0.72794527
2026-08-09 14:00:00,0.5592392
2026-08-09 15:00:00,0.444343
2026-08-09 16:00:00,0.53927135
2026-08-09 17:00:00,0.9166613
2026-08-09 18:00:00,1.2598604
2026-08-09 19:00:00,1.4485689
2026-08-09 20:00:00,1.5368289
2026-08-09 21:00:00,1.4469765
2026-08-09 22:00:00,1.2212948
2026-08-09 23:00:00,0.9767518
2026-08-10 00:00:00,0.757881
2026-08-10 01:00:00,0.5690997
2026-08-10 02:00:00,0.41700858
2026-08-10 03:00:00,0.3297579
2026-08-10 04:00:00,0.5868606
2026-08-10 05:00:00,1.0874926
2026-08-10 06:00:00,1.5039865
2026-08-10 07:00:00,1.8476695
2026-08-10 08:00:00,2.0887907
2026-08-10 09:00:00,2.0743334
2026-08-10 10:00:00,1.8358024
2026-08-10 11:00:00,1.5519974
2026-08-10 12:00:00,1.2720176
2026-08-10 13:00:00,1.0188802
2026-08-10 14:00:00,0.7953232
2026-08-10 15:00:00,0.6062944
2026-08-10 16:00:00,0.4639758
2026-08-10 17:00:00,0.5530889
2026-08-10 18:00:00,1.0128523
2026-08-10 19:00:00,1.383294
2026-08-10 20:00:00,1.5876805
2026-08-10 21:00:00,1.6769036
2026-08-10 22:00:00,1.5605438
2026-08-10 23:00:00,1.3148022
2026-08-11 00:00:00,1.0508975
2026-08-11 01:00:00,0.8136869
2026-08-11 02:00:00,0.6074687
2026-08-11 03:00:00,0.43507677
2026-08-11 04:00:00,0.31874946
2026-08-11 05:00:00,0.5770617
2026-08-11 06:00:00,1.1342909
2026-08-11 07:00:00,1.5851775
2026-08-11 08:00:00,1.9421184
2026-08-11 09:00:00,2.169219
2026-08-11 10:00:00,2.0989196
2026-08-11 11:00:00,1.8146174
2026-08-11 12:00:00,1.5172411
2026-08-11 13:00:00,1.2310377
2026-08-11 14:00:00,0.97590023
2026-08-11 15:00:00,0.7502466
2026-08-11 16:00:00,0.5608562
2026-08-11 17:00:00,0.42045638
2026-08-11 18:00:00,0.6186934
2026-08-11 19:00:00,1.1577272
2026-08-11 20:00:00,1.5306246
2026-08-11 21:00:00,1.7431409
2026-08-11 22:00:00,1.8155982
2026-08-11 23:00:00,1.641934
2026-08-12 00:00:00,1.3665123
2026-08-12 01:00:00,1.089996
2026-08-12 02:00:00,0.8457652
2026-08-12 03:00:00,0.6318337
2026-08-12 04:00:00,0.4527974
2026-08-12 05:00:00,0.3365024
2026-08-12 06:00:00,0.68150675
2026-08-12 07:00:00,1.2753482
2026-08-12 08:00:00,1.7331064
2026-08-12 09:00:00,2.0811284
2026-08-12 10:00:00,2.2557542
2026-08-12 11:00:00,2.0895061
2026-08-12 12:00:00,1.7795048
2026-08-12 13:00:00,1.4743303
2026-08-12 14:00:00,1.191149
2026-08-12 15:00:00,0.94026124
2026-08-12 16:00:00,0.71888554
2026-08-12 17:00:00,0.53341645
2026-08-12 18:00:00,0.43116018
